epoch,steps,cosine_pearson,cosine_spearman,euclidean_pearson,euclidean_spearman,manhattan_pearson,manhattan_spearman,dot_pearson,dot_spearman
0,600,0.6313556307263032,0.6336589174181284,0.6245703937155705,0.6336589144881741,0.613476386283781,0.619670244827665,0.6313556297804883,0.633658913423969
0,1200,0.6502111047519374,0.654294735972908,0.6435049773604764,0.6542947336879357,0.6326718863512297,0.6408039597826066,0.6502111035135192,0.6542947394414564
0,1800,0.6625165676820076,0.6678255506546674,0.6557266202049017,0.6678255491276507,0.645007790652894,0.6545336070824987,0.6625165705996016,0.6678255423867069
0,2400,0.6725998894621396,0.6787820827300266,0.6657202462462256,0.6787820821134779,0.6550980494406954,0.6656046548332997,0.6725998886031445,0.6787820782578388
0,3000,0.6774928725726863,0.684245304706709,0.6704375865044204,0.6842453115041126,0.6596863697152158,0.670848893542649,0.6774928730026452,0.6842453087841116
0,3600,0.6811890304979319,0.688199910731215,0.6742265347133198,0.6881999137762991,0.6635691607227093,0.6749678227363191,0.6811890314261657,0.6881999079664178
0,-1,0.6818073966607981,0.6888637545370381,0.6748480940421824,0.6888637586340448,0.6642169587202272,0.6756680269293813,0.6818073960831605,0.6888637570384981
